cord,1.0
ecor,1.0
 fil,0.6666666666666666
Deta,0.6666666666666666
file,0.6666666666666666
ing ,0.6666666666666666
etai,0.6666666666666666
tail,0.6666666666666666
enka,0.5833333333333334
his ,0.5833333333333334
 the,0.5833333333333334
Venk,0.5833333333333334
nkat,0.5833333333333334
ader,0.5
"
Thi",0.5
 is ,0.5
is i,0.5
 rec,0.5
eade,0.5
 Rec,0.5
s is,0.5
This,0.5
reco,0.5
 to ,0.5
the ,0.5
Reco,0.5
